日,日平均現地気圧(hPa),日平均海面気圧(hPa),日降水量(mm),日最大1時間降水量(mm),日最大10分間降水量(mm),日平均気温(℃),日最高気温(℃),日最低気温(℃),日平均湿度(％),日最小湿度(％),日平均風速(m/s),日最大風速(m/s),日最大風向(16方位),日最大瞬間風速(m/s),日最大瞬間風向(16方位),日照時間(h),日降雪の深さ合計(cm),日最深積雪(cm),昼の天気概況,夜の天気概況
1,1007.1,1009.4,--,--,--,29.0,34.3,24.3,76,45,1.6,4.6,北西,8.0,北西,9.9,,,晴,晴
2,1006.0,1008.3,0.0,0.0,0.0,29.6,34.6,24.0,75,56,2.4,5.3,北北東,8.1,北,11.1,,,晴一時雨,晴時々曇一時雨
3,1004.2,1006.5,--,--,--,31.0,34.5,27.8,74,59,3.4 ),5.7,北西,9.0,北西,10.8,,,晴,晴時々曇
4,1001.6,1003.9,--,--,--,30.6,34.0,26.8,73,55,3.7,6.5,北東,11.0,北北東,9.1,,,晴一時曇,晴後曇一時雨、雷を伴う
5,996.3,998.6,8.5,8.5,6.5,30.2,33.5,26.4,78,65,6.3,10.1,北,18.0,北,8.0,,,晴後曇一時雨,曇時々雨
6,975.2,977.4,66.5,15.5,5.5,27.7,29.8,26.2,91,77,12.3,18.0,北西,31.1,北北西,0.0,,,暴風雨,暴風雨
7,981.2,983.4,119.5,26.0,13.5,27.3,28.2,25.5,94,90,13.5,19.4,南南西,30.8,南南西,0.0,,,暴風雨,暴風雨
8,993.3,995.6,38.0,12.0,5.5,28.0,30.5,25.3,91,81,7.2,12.7,南,20.0,南南東,1.4,,,曇時々雨、雷を伴う,曇後一時雨
9,998.4,1000.7,0.0,0.0,0.0,29.0,31.7,27.4,91,76,4.4,6.0,東南東,11.1,南南東,7.4,,,曇時々晴一時雨,曇
10,1000.9,1003.2,0.0,0.0,0.0,28.6,31.1,27.4,89,78,5.3,7.8,東,11.7,東,5.1,,,曇一時晴,曇後一時雨
11,1000.4,1002.7,0.0,0.0,0.0,27.5,30.2,26.1,84,73,4.8,6.9,東,10.9,東,1.4,,,曇時々雨,曇
12,1000.0,1002.3,--,--,--,27.1,29.3,24.2,83,73,2.7,4.2,東,6.9,東南東,2.4,,,曇,曇後時々雨
13,1000.0,1002.3,24.5,15.5,5.0,26.8,29.4,25.1,91,81,3.7,6.3,南,11.1,東南東,1.1,,,雨時々曇,晴後雨時々曇
14,1002.4,1004.7,5.5,5.0,5.0,28.0,30.5,26.3,85,73,4.4,7.3,東,10.4,東南東,9.3,,,晴後時々曇,曇後一時晴
15,1003.5,1005.8,--,--,--,27.8,30.6,26.5,81,68,4.1,6.5,東南東,9.7,東,8.3,,,曇時々晴,晴一時曇
16,1003.5,1005.8,0.0,0.0,0.0,28.0,30.6,26.0,80,68,4.0,6.4,東,9.7,東,9.5,,,晴後一時雨,晴時々雨一時曇
17,1005.1,1007.4,0.0,0.0,0.0,28.6,31.2,27.2,81,71,5.5,7.4,東,11.6,東北東,9.0,,,晴一時雨,晴後雨時々曇
18,1006.0,1008.3,0.0,0.0,0.0,28.8,31.2,26.9,85,76,6.2,8.5,東北東,13.5,東,8.5,,,晴時々雨,曇時々晴
19,1006.5,1008.8,1.5,1.5,1.5,29.0,31.4,26.8,87,76,6.5,9.1,東,14.4,東,9.8,,,曇一時雨後時々晴,雨時々晴後曇
20,1007.6,1009.9,1.0,0.5,0.5,28.9,31.4,26.5,87,73,5.3,7.4,東南東,13.5,東南東,9.5,,,晴時々雨一時曇,晴一時雨
21,1008.0,1010.3,9.5,7.5,5.0,28.7,31.6,27.3,88,73,3.6,5.4,東南東,9.4,東南東,9.6,,,雨時々曇後晴,晴一時雨
22,1008.5,1010.8,--,--,--,28.9,32.0,27.1,85,73,3.5,6.3,東南東,9.3,東,11.2,,,晴,晴
23,1008.5,1010.8,0.0,0.0,0.0,28.9,31.5,26.9,81,68,3.8,6.2,東北東,12.3,北東,10.7,,,晴,晴時々雨
24,1002.8,1005.1,7.0,3.5,2.5,29.1,32.1,27.1,81,71,7.0,14.7,北北東,27.5,北北東,7.4,,,晴後曇時々雨,雨時々曇、大風を伴う
25,984.5,986.8,108.0,31.5,14.0,26.9,28.2,25.2,94,88,14.9,22.1,南西,37.7,北北東,0.0,,,暴風雨、雷を伴う,曇時々大雨、雷を伴う
26,1002.9,1005.2,0.0,0.0,0.0,28.6,31.0,27.5,90,78,5.6,9.5,南,15.3,南南東,8.9,,,曇時々晴,曇一時晴後時々雨
27,1004.1,1006.4,0.0,0.0,0.0,28.3,30.7,26.9,90,81,4.8,6.5,東,11.5,東,10.7,,,曇後晴一時雨,晴後曇一時雨
28,1004.6,1006.9,0.0,0.0,0.0,28.2,31.0,26.7,90,79,6.4,8.1,東,14.1,東南東,9.9,,,晴,晴後一時雨
29,1005.6,1007.9,0.0,0.0,0.0,28.4,31.0,26.9,89,79,5.9,7.8,東南東,12.9,東,10.8,,,晴,晴一時曇
30,1005.8,1008.1,0.0,0.0,0.0,28.2,30.8,26.5,83,70,5.8,8.1,東北東,12.8,東北東,9.7,,,晴,曇後晴時々雨
31,1003.4,1005.7,0.0,0.0,0.0,28.5,30.6,26.9,83,75,7.9,10.3,東北東,17.5,東北東,4.7,,,,
