日,日降水量(mm),日最大1時間降水量(mm),日最大10分間降水量(mm),日平均気温(℃),日最高気温(℃),日最低気温(℃),日平均湿度(％),日最小湿度(％),日平均風速(m/s),日最大風速(m/s),日最大風向(16方位),日最大瞬間風速(m/s),日最大瞬間風向(16方位),日最多風向(16方位),日照時間(h),日降雪の深さ合計(cm),日最深積雪(cm)
1,15.0,10.5,6.0,27.3,28.6,24.8,///,///,7.8,12.7,南東,19.0,南東,南東,///,///,///
2,3.5,3.0,1.0,26.8,29.1,25.4,///,///,10.2,13.5,南,20.1,南南西,南西,///,///,///
3,37.5,22.0,7.0,25.7,26.9,23.8,///,///,5.6,8.0,南西,11.3,南西,南西,///,///,///
4,0.0,0.0,0.0,26.7,29.2,25.3,///,///,6.4,8.7,南西,11.8,南西,南西,///,///,///
5,0.0,0.0,0.0,27.0,29.1,26.1,///,///,5.8,8.1,南西,11.3,南西,南西,///,///,///
6,0.0,0.0,0.0,27.9,30.5,26.3,///,///,5.0,7.0,南,9.3,南,南,///,///,///
7,0.0,0.0,0.0,27.7,30.5,26.2,///,///,7.8,10.1,南南西,14.4,南南西,南西,///,///,///
8,0.0,0.0,0.0,27.7,30.6,25.8,///,///,6.6,9.3,南南西,12.3,南南西,南南西,///,///,///
9,0.0,0.0,0.0,28.1,31.0,26.2,///,///,8.5,10.4,南南西,14.9,南南西,南南西,///,///,///
10,31.5,14.5,7.5,27.0,30.0,25.0,///,///,8.9,11.5,南南西,16.5,南西,南西,///,///,///
11,33.5,32.5,18.0,25.4,27.3,23.1,///,///,6.3,14.0,南南西,19.0,南南西,南南西,///,///,///
12,0.5,0.5,0.5,23.9,25.5,22.6,///,///,3.1,8.3,北,11.3,北,北東,///,///,///
13,24.0,9.5,3.0,21.5,23.6,19.9,///,///,6.0,9.8,北東,13.9,北東,北東,///,///,///
14,28.0,10.5,5.5,26.6,29.9,23.4,///,///,6.2,10.0,南南西,14.4,南西,南南西,///,///,///
15,0.0,1.5,0.0,27.2,29.8,24.7,///,///,4.9,6.9,南南西,9.3,南南西,南南西,///,///,///
16,0.0,0.0,0.0,27.4,29.7,26.4,///,///,4.2,6.5,南南西,9.3,南,南,///,///,///
17,0.5,0.5,0.5,27.6,30.5,26.3,///,///,3.4,6.7,南南西,9.3,南南西,南,///,///,///
18,0.0,0.0,0.0,27.7,30.9,25.7,///,///,2.7,5.1,南南西,7.2,南南西,南西,///,///,///
19,0.0,0.0,0.0,27.7,30.4,24.7,///,///,1.7,3.2,南東,5.1,南東,南南東,///,///,///
20,0.0,0.0,0.0,28.6,31.2,26.4,///,///,2.5,4.4,南南東,7.2,南東,南南東,///,///,///
21,0.0,0.0,0.0,28.5,31.7,26.3,///,///,2.2,4.6,南,7.2,南,南,///,///,///
22,0.0,0.0,0.0,28.8,31.4,25.5,///,///,2.0,3.9,南東,5.7,南東,南東,///,///,///
23,0.0,0.0,0.0,29.6,32.0,28.0,///,///,3.6,5.8,南,8.7,南,南南東,///,///,///
24,0.0,0.0,0.0,29.7,32.3,28.1,///,///,4.2,6.5,南,10.3,南,南,///,///,///
25,0.0,0.0,0.0,29.6,32.1,28.0,///,///,5.4,7.5,南,10.8,南南東,南,///,///,///
26,17.5,15.5,9.5,28.3,32.0,25.4,///,///,8.2,14.3,南西,21.1,南南西,南,///,///,///
27,0.0,0.0,0.0,28.8,31.6,27.1,///,///,7.5,11.1,南西,17.0,南西,南西,///,///,///
28,0.0,0.0,0.0,28.8,31.9,27.2,///,///,4.1,6.3,南西,9.3,南南西,南西,///,///,///
29,1.0,1.0,1.0,28.7,31.8,26.7,///,///,2.2,5.5,南,7.7,南,南南東,///,///,///
30,0.0,0.0,0.0,28.7,31.4,27.0,///,///,1.7,3.2,東,5.1,東,東,///,///,///
